{"i":1000,"val_loss_history":[1.8445454700101],"val_loss_history_it":[1000],"forward_backward_times":{},"opt":{"max_epochs":20,"checkpoint_every":1000,"batch_size":50,"memory_benchmark":0,"init_from":"","grad_clip":5,"model_type":"lstm","lr_decay_every":5,"print_every":1,"wordvec_size":64,"seq_length":50,"input_json":"sonnets-output.json","num_layers":2,"input_h5":"sonnets-output.h5","reset_iterations":1,"rnn_size":256,"dropout":0,"checkpoint_name":"cv\/checkpoint","batchnorm":0,"learning_rate":0.02,"speed_benchmark":0,"gpu_backend":"opencl","lr_decay_factor":0.5,"gpu":0},"train_loss_history":[4.3525390625,3.198826171875,4.045293359375,3.5613828125,3.33674140625,3.313193359375,3.33911796875,3.231474609375,3.221334375,3.25562421875,3.2443515625,3.1675818359375,3.179712109375,3.1540423828125,3.1391337890625,3.1533392578125,3.1208587890625,3.1313845703125,3.14420859375,3.1157404296875,3.1130677734375,3.1213068359375,3.1278435546875,3.1114919921875,3.1006234375,3.1160857421875,3.1239462890625,3.1110701171875,3.115448828125,3.0867880859375,3.0956369140625,3.0932271484375,3.071889453125,3.06192734375,3.0495994140625,3.0168978515625,3.0340962890625,3.0477998046875,3.00728203125,2.990201953125,2.99581171875,2.968540234375,2.95994765625,2.954824609375,2.9319494140625,2.901999609375,2.92748046875,2.9158091796875,2.911373828125,2.900794921875,2.8628765625,2.8650603515625,2.863508984375,2.8584302734375,2.8230125,2.824714453125,2.77507265625,2.81483359375,2.8110865234375,2.781036328125,2.75662421875,2.784808203125,2.7650349609375,2.740863671875,2.7259970703125,2.7562908203125,2.68824609375,2.715744140625,2.718428125,2.7112529296875,2.6714126953125,2.68346484375,2.655494921875,2.63758203125,2.628396484375,2.6446587890625,2.633326171875,2.64364375,2.614675390625,2.59609375,2.624533203125,2.5727376953125,2.567951171875,2.6077302734375,2.5475126953125,2.571220703125,2.583791796875,2.5200169921875,2.54487578125,2.5084859375,2.536787890625,2.4998541015625,2.5335412109375,2.538323828125,2.496417578125,2.4686416015625,2.5255578125,2.49403125,2.4856470703125,2.449228515625,2.466915625,2.4679140625,2.45080546875,2.4292849609375,2.46709921875,2.4386544921875,2.484774609375,2.47419453125,2.453952734375,2.4058896484375,2.4263015625,2.4382734375,2.417301953125,2.420971484375,2.427673828125,2.4303087890625,2.399921484375,2.4192064453125,2.3729716796875,2.38220703125,2.35204453125,2.4034015625,2.3964771484375,2.3888728515625,2.400407421875,2.3967494140625,2.36044609375,2.4491625,2.38333984375,2.327305078125,2.3693484375,2.3758404296875,2.367429296875,2.3728244140625,2.3254962890625,2.3220228515625,2.34588203125,2.33963828125,2.364075,2.3640125,2.3329994140625,2.3370171875,2.357665234375,2.3540947265625,2.304440234375,2.3244580078125,2.290102734375,2.3027638671875,2.3026482421875,2.30420859375,2.2900734375,2.3031453125,2.3490212890625,2.30914609375,2.3162470703125,2.3104765625,2.2972498046875,2.318609765625,2.3050712890625,2.27768828125,2.323339453125,2.3171982421875,2.296162109375,2.2833720703125,2.28718828125,2.253539453125,2.3048609375,2.359094921875,2.292575390625,2.24682421875,2.2674212890625,2.2709357421875,2.245764453125,2.2519259765625,2.26146015625,2.250150390625,2.2981328125,2.2343326171875,2.261757421875,2.23350859375,2.2254703125,2.2936845703125,2.242298046875,2.2729283203125,2.289651953125,2.233193359375,2.2259046875,2.2301978515625,2.2356994140625,2.2576515625,2.28360859375,2.230624609375,2.2723875,2.2073259765625,2.258446875,2.2001212890625,2.229501171875,2.2044234375,2.206971875,2.22626796875,2.233931640625,2.1851935546875,2.1925904296875,2.210980859375,2.1856107421875,2.17748828125,2.233196484375,2.221398828125,2.1787662109375,2.171555078125,2.222951171875,2.1869640625,2.243117578125,2.1966609375,2.242275,2.229242578125,2.19022421875,2.204980859375,2.1916453125,2.1822041015625,2.15776875,2.20440703125,2.176141015625,2.1344201171875,2.182266796875,2.134842578125,2.169975,2.1615263671875,2.197601953125,2.164228125,2.1925888671875,2.155035546875,2.200225390625,2.0970794921875,2.1319970703125,2.1298783203125,2.1382517578125,2.16786171875,2.142065625,2.18939375,2.16922890625,2.1414177734375,2.1648224609375,2.115114453125,2.1104015625,2.1240884765625,2.146623046875,2.1587259765625,2.1609404296875,2.1727173828125,2.175666015625,2.165473046875,2.145776953125,2.1606015625,2.11568984375,2.1756609375,2.1566953125,2.188328125,2.1500166015625,2.145974609375,2.098275390625,2.14076640625,2.17659453125,2.1134720703125,2.111016796875,2.105306640625,2.1301533203125,2.1202166015625,2.108451171875,2.125009765625,2.102056640625,2.0971521484375,2.13122109375,2.1063609375,2.146451953125,2.13139296875,2.1686646484375,2.080703515625,2.0888640625,2.1096611328125,2.08925,2.14243515625,2.0861603515625,2.09281640625,2.1250740234375,2.11844765625,2.1052369140625,2.0597591796875,2.060623828125,2.064128125,2.0607904296875,2.1323349609375,2.1096376953125,2.0983068359375,2.081525,2.09855078125,2.10815703125,2.1608333984375,2.1249974609375,2.090701171875,2.174878125,2.078344921875,2.0861541015625,2.12223203125,2.1654755859375,2.082448046875,2.08211484375,2.07873203125,2.099323046875,2.093720703125,2.083650390625,2.083175,2.0682271484375,2.0928376953125,2.0617376953125,2.10865,2.0738587890625,2.080272265625,2.04457421875,2.07205390625,2.08361171875,2.0394029296875,2.056396484375,2.079609375,2.0246669921875,2.0742076171875,2.0548025390625,2.080839453125,2.097691015625,2.04526171875,2.0470802734375,2.055255859375,2.020046875,2.055529296875,2.09480625,2.065030859375,2.016054296875,2.073922265625,1.99753203125,2.054276953125,2.0674494140625,2.089072265625,1.9826611328125,2.07951328125,2.06786328125,2.0027453125,2.0101755859375,2.0510666015625,2.0534822265625,2.046468359375,2.0178423828125,2.030946484375,2.0022931640625,2.0454119140625,2.0162296875,2.02894140625,2.068231640625,2.0232251953125,2.0059326171875,2.03230703125,2.0198609375,2.0591390625,2.048042578125,2.0335345703125,2.019300390625,2.022520703125,2.0414361328125,1.9736015625,2.031771875,2.0149513671875,2.1034294921875,2.0359529296875,2.00311015625,2.00312578125,2.0053837890625,1.9753076171875,2.0501734375,1.99027734375,2.0023587890625,1.995600390625,1.974796484375,2.0051232421875,2.0082326171875,1.9910640625,1.981340625,2.00410546875,2.00025,2.1258634765625,1.98188125,2.0319833984375,1.99632109375,1.9740986328125,2.014606640625,2.0227541015625,2.0088546875,2.01386328125,1.9972775390625,2.017373046875,1.98999375,2.0325333984375,2.032539453125,1.97959140625,2.028567578125,2.0240109375,2.011948828125,2.05109609375,1.9813189453125,2.0116673828125,2.014265234375,1.963308984375,2.01641328125,1.9813794921875,2.0266421875,1.98980703125,2.029255078125,2.0220375,1.984759765625,2.014591796875,2.0224337890625,2.027704296875,1.9837111328125,1.94178671875,1.98996015625,2.0286052734375,2.071135546875,1.9518705078125,1.990844140625,1.9649822265625,1.9879521484375,1.957496875,1.95693359375,1.9633275390625,1.971767578125,1.970506640625,2.0101291015625,1.99594375,2.0047287109375,2.020723046875,1.968782421875,1.9554234375,1.966540625,1.961999609375,1.9568322265625,1.92854609375,1.983336328125,1.93199921875,1.9508470703125,1.977638671875,1.92626953125,1.972308984375,1.948863671875,1.984181640625,1.9900234375,1.9245517578125,1.97502109375,1.920488671875,1.970219140625,1.959676953125,1.960547265625,1.96258984375,1.98559296875,1.90676171875,1.962937890625,1.9640884765625,1.956036328125,1.93851796875,1.9662849609375,1.920303125,1.94684921875,1.9613732421875,1.901735546875,1.930142578125,1.941369140625,1.956016015625,1.9734423828125,1.982034375,1.94200234375,1.9458978515625,2.0300693359375,1.950500390625,1.960865625,1.939654296875,1.9788970703125,1.952741015625,1.9115427734375,1.9009947265625,1.899247265625,1.92890859375,1.945835546875,1.915447265625,1.932168359375,1.9214828125,1.964465625,1.961645703125,1.9335359375,1.9005576171875,1.9294310546875,1.963853515625,1.9652767578125,2.023858203125,1.97839296875,1.92801484375,1.9792349609375,1.9716857421875,